positive,"Việc làm tốt, cần phát huy"
positive,rẻ quá anh ơi
positive,Đẹp wa
positive,Ngày đầu tiên vào học trong nghệ an.Lê  Đức Lê Đức Prudential thay mặt cho lớp cảm ơn thầy Văn Văn Châu và tất cả các anh chị trong lớp 1 lời chúc sức khỏe.hạnh phúc và thành công nhiều trong cuộc sống:: Lê Đức Prudential added 10 new photos — with Văn Châu and Ngoc Lan. Photos from Lê Đức Prudential's post
positive,Cố lên! Rồi bạn sẽ làm được! Cảm ơn tất cả quý khách hàng đã đồng hành và tin tưởng gửi gắm yêu thương vào Prudential Việt Nam Phan Thị Thuỳ Nga added 4 new photos — feeling proud with Tuong Ho and 4 others at Bảo hiểm Nhân thọ Prudential Việt Nam. Photos from Phan Thị Thuỳ Nga's post
neutral,"Bữa e có review thử rùi, so với mấy cái TV làng nhàng bây giờ thì đúng là Sony Oled đang là ông vui =))))))))))))"
positive,Thử xem bạn. Tớ uống hợp nên mẹ khỏe con khỏe nè
positive,"Sữa này mát,con uống ko bị táo nha"
positive,Tốt nhất kiếm được Techcombank thì phí chuyển khoản sẽ rẻ nhất
positive,Cảm ơn Bank ACB nhiều nhiều nhiều ????????????????????????????????
neutral,Ẹc. Chụp t xem cái m đăng kí xem nào
neutral,Đỗ Phương Thúy 1780k nha bạn
positive,Jetstar 10 năm ???????? Chúc Danh updated her profile picture. Chúc Danh
negative,Hiền Nicô Hiền mua cấy ni nầy
neutral,Loại 49in 4k bao nhieu Ad
neutral,Ai cắn ít hơn sẽ bị cắn bởi người cắn nhiều hơn :x
neutral,iPhone 7 32GB Giá kà 18tr7 giảm 2tr5 là còn hơn 16tr chút ak ad
positive,Tương tác và trải nghiệm hoàn hảo với #Gear360
positive,"TIN VÉ RẺ tháng 10, 11 giá đã bao gồm thuế phí, giá từ 450k- 650k -700k. Tháng 10: DH-SG:  Jetstar đầu đến giữa tháng vé 650k, cuối tháng vé 700k Vietjet vé 700k nhiều ngày SG-DH: Jetstar đầu đến giữa tháng vé 650k, cuối tháng vé 700k Vietjet vé 700k nhiều ngày Tháng 11: DH-SG: Jetstar: 450k: 2,8,29/1, còn lại vé 650k, 700k Vietjet vé 700k nhiều ngày SG-DH: Jetstar: 450k: 22,24,26,28,29/11, còn lại vé 650k, 700k Vietjet vé 700k nhiều ngày BẠN NÀO ĐI THÌ ĐẶT SỚM NHÉ! vé rẻ ơi là rẻ ???????? INBOX ĐỂ ĐƯỢC TƯ VẤN HÀNH TRÌNH HỢP LÝ. ☎: 0915.460.131 Timeline Photos"
neutral,Phương Mai hay 2 mình đăng kí thử 1 vé nhỉ ????
negative,Đcm lũ lừa đải
negative,Làm ro ràng de
positive,Nhìn con nhân viên muốn đấm
neutral,"Có đó Nga ơi. Hôm rồi mua bảo hiểm cho con gái, thấy đang có chương trình bạn đồng hành đó nàng. Chương trình này đến 31/7 là kết thúc, bạn tranh thủ tham gia đi."
negative,Lại là prudential nữa chứ. Pru dạo này dính nhiều vụ quá
positive,Yến em yêu. Báo công an gì lắm vậy
negative,No tanh vây hả c yên?
neutral,:)) 11-8=2 quỳ thanh niên BLV
negative,E còn k uốg đc similac ý ???? toàn bỏ sữa thôi
negative,Luật pháp việt nam dễ vậy đó hả . Mấy anh thanh tra bộ nghĩ làm hết rồi hả mà để tình hình như vậy
